Stimulus,Log (1/ODT),E,S,A,B,L,V,M,AL,AC,ES,C1,C1AC,C1AL,HS,C2,C2Al,C2AC,GrpNo,Train,Duplicates,CID,MolecularWeight,IsomericSMILES,IUPACName,name
4,0.0,0.386,0.6,0.28,0.94,2.67,0.6898,0.0,0.0,0.0,0.0,0.0,0.0,0.0,1.0,0.0,0.0,0.0,3.0,1.0,0,4,75.11,CC(CN)O,1-aminopropan-2-ol,1-aminopropan-2-ol
11,-0.778,0.416,0.64,0.1,0.11,2.573,0.6352,0.0,0.0,0.0,0.0,0.0,0.0,0.0,1.0,0.0,0.0,0.0,3.0,0.0,0,11,98.96,C(CCl)Cl,"1,2-dichloroethane","1,2-dichloroethane"
176,2.252925,0.265,0.64,0.62,0.44,1.816,0.4648,0.0,0.0,0.5,0.0,0.0,0.0,0.0,0.0,0.5,0.0,0.5,2.5,0.0,1,176,60.05,CC(=O)O,acetic acid,acetic acid
177,2.82391,0.208,0.67,0.0,0.45,1.23,0.4061,0.0,1.0,0.0,0.0,0.0,0.0,0.0,0.0,0.0,0.0,0.0,1.0,1.0,0,177,44.05,CC=O,acetaldehyde,acetaldehyde
180,-0.6104999999999999,0.179,0.7,0.04,0.49,1.696,0.547,0.0,0.0,0.0,0.0,0.0,0.0,0.0,0.5,0.5,0.0,0.0,3.5,1.0,1,180,58.08,CC(=O)C,propan-2-one,acetone
241,-0.43136,0.61,0.52,0.0,0.14,2.786,0.7164,0.0,0.0,0.0,0.0,0.0,0.0,0.0,0.0,0.0,0.0,0.0,1.0,0.0,0,241,78.11,C1=CC=CC=C1,benzene,benzene
261,2.01031,0.1869999999999999,0.65,0.0,0.45,2.27,0.6879,0.0,0.3333333333333333,0.0,0.0,0.3333333333333333,0.0,0.3333333333333333,0.0,0.3333333333333333,0.3333333333333333,0.0,2.333333333333333,0.3333333333333333,2,261,72.11,CCCC=O,butanal,butyraldehyde
263,0.935805,0.224,0.42,0.37,0.48,2.601,0.7309,0.0,0.0,0.0,0.0,0.25,0.0,0.0,0.25,0.25,0.0,0.0,2.5,0.25,3,263,74.12,CCCCO,butan-1-ol,1-butanol
264,3.24975,0.21,0.64,0.61,0.45,2.75,0.7466,0.0,0.0,0.3333333333333333,0.0,0.3333333333333333,0.3333333333333333,0.0,0.0,0.3333333333333333,0.0,0.3333333333333333,2.333333333333333,0.3333333333333333,2,264,88.11,CCCC(=O)O,butanoic acid,butyric acid
284,-0.886,0.343,0.75,0.76,0.33,1.545,0.3239,0.0,0.0,0.0,0.0,1.0,1.0,0.0,0.0,0.0,0.0,0.0,2.0,1.0,0,284,46.025,C(=O)O,formic acid,formic acid
313,1.3098,0.36,0.32,0.1,0.0,1.193,0.3534,0.0,0.0,0.0,0.0,0.0,0.0,0.0,0.0,0.0,0.0,0.0,1.0,0.0,0,313,36.46,Cl,chlorane,hydrochloric acid
335,3.55284,0.84,0.86,0.52,0.3,4.218,0.916,0.0,0.0,0.0,0.0,0.0,0.0,0.0,0.0,0.0,0.0,0.0,1.0,0.0,0,335,108.14,CC1=CC=CC=C1O,2-methylphenol,o-cresol
342,4.0,0.822,0.88,0.57,0.34,4.31,0.916,0.0,0.0,0.0,0.0,0.0,0.0,0.0,0.0,0.0,0.0,0.0,1.0,1.0,0,342,108.14,CC1=CC(=CC=C1)O,3-methylphenol,m-cresol
356,-0.23045,0.0,0.0,0.0,0.0,3.677,1.2358,0.0,0.0,0.0,0.0,0.0,0.0,0.0,0.0,0.0,0.0,0.0,1.0,1.0,0,356,114.23,CCCCCCCC,octane,octane
379,4.012499999999999,0.15,0.65,0.62,0.45,4.68,1.3102,0.0,0.0,0.0,0.0,0.5,0.5,0.0,0.0,0.5,0.0,0.5,3.0,0.5,1,379,144.21,CCCCCCCC(=O)O,octanoic acid,octanoic acid
402,3.38722,0.31,0.32,0.1,0.08,0.706,0.2721,1.0,0.0,0.0,0.0,0.0,0.0,0.0,0.0,0.0,0.0,0.0,1.0,0.0,0,402,34.08,S,sulfane,hydrogen sulfide
454,3.719,0.16,0.65,0.0,0.45,4.361,1.2515,0.0,0.3333333333333333,0.0,0.0,0.3333333333333333,0.0,0.3333333333333333,0.0,0.3333333333333333,0.3333333333333333,0.0,2.333333333333333,0.3333333333333333,2,454,128.21,CCCCCCCC=O,octanal,octanal
527,2.5225,0.196,0.65,0.0,0.45,1.815,0.547,0.0,1.0,0.0,0.0,0.0,0.0,0.0,0.5,0.0,0.0,0.0,2.0,0.5,1,527,58.08,CCC=O,propanal,propionaldehyde
674,1.48149,0.189,0.3,0.08,0.66,1.6,0.4902,0.0,0.0,0.0,0.0,0.0,0.0,0.0,0.0,0.0,0.0,0.0,1.0,1.0,0,674,45.08,CNC,N-methylmethanamine,dimethylamine
702,-0.362,0.246,0.42,0.3699999999999999,0.48,1.485,0.4491,0.0,0.0,0.0,0.0,0.3333333333333333,0.0,0.0,0.0,0.3333333333333333,0.0,0.0,2.333333333333333,0.6666666666666666,2,702,46.07,CCO,ethanol,ethanol
712,0.30103,0.22,0.62,0.0,0.33,0.73,0.2652,0.0,1.0,0.0,0.0,0.0,0.0,0.0,0.0,0.0,0.0,0.0,1.0,0.0,0,712,30.026,C=O,formaldehyde,formaldehyde
798,3.52288,1.2,1.16,0.44,0.2,5.153,0.9464,0.0,0.0,0.0,0.0,0.0,0.0,0.0,0.0,0.0,0.0,0.0,1.0,1.0,0,798,117.15,C1=CC=C2C(=C1)C=CN2,1H-indole,indole
878,4.1549,0.4,0.6,0.0,0.12,1.64,0.413,1.0,0.0,0.0,0.0,0.0,0.0,0.0,0.0,0.0,0.0,0.0,1.0,1.0,0,878,48.11,CS,methanethiol,methanethiol
887,-1.9045,0.278,0.44,0.43,0.47,0.97,0.3082,0.0,0.0,0.0,0.0,0.5,0.0,0.0,0.5,0.0,0.0,0.0,2.5,0.5,1,887,32.042,CO,methanol,methanol
957,2.46432,0.199,0.42,0.37,0.48,4.619,1.2945,0.0,0.0,0.0,0.0,0.0,0.0,0.0,0.0,0.5,0.0,0.0,2.5,0.0,1,957,130.23,CCCCCCCCO,octan-1-ol,1-octanol
996,2.25181,0.805,0.89,0.6,0.3,3.766,0.7751,0.0,0.0,0.0,0.0,0.0,0.0,0.0,0.0,0.0,0.0,0.0,1.0,1.0,0,996,94.11,C1=CC=C(C=C1)O,phenol,phenol
1031,-0.0615649999999999,0.236,0.42,0.37,0.48,2.031,0.59,0.0,0.0,0.0,0.0,0.5,0.0,0.0,0.0,0.0,0.0,0.0,1.5,0.5,1,1031,60.1,CCCO,propan-1-ol,1-propanol
1032,2.24413,0.233,0.65,0.61,0.44,2.276,0.6057,0.0,0.0,1.0,0.0,0.0,0.0,0.0,0.0,0.0,0.0,0.0,1.0,1.0,0,1032,74.08,CCC(=O)O,propanoic acid,propionic acid
1049,0.54533,0.631,0.84,0.0,0.52,3.022,0.6753,0.0,0.0,0.0,0.0,0.5,0.0,0.0,0.0,0.0,0.0,0.0,1.5,0.5,1,1049,79.1,C1=CC=NC=C1,pyridine,pyridine
1068,2.52288,0.404,0.43,0.0,0.27,2.0366,0.5539,1.0,0.0,0.0,0.0,0.0,0.0,0.0,0.0,0.0,0.0,0.0,1.0,1.0,0,1068,62.14,CSC,methylsulfanylmethane,dimethyl sulfide
1119,0.06048,0.37,0.66,0.28,0.1,0.7776,0.3465,0.0,0.0,0.0,0.0,0.0,0.0,0.0,0.0,0.0,0.0,0.0,1.0,1.0,0,1119,64.07,O=S=O,sulfur dioxide,sulfur dioxide
1127,3.20761,0.623,0.66,0.0,0.26,3.061,0.7271,1.0,0.0,0.0,0.0,0.0,0.0,0.0,0.0,0.0,0.0,0.0,1.0,0.0,0,1127,88.17,C1CCSC1,thiolane,tetrahydrothiophene
1140,0.0403725,0.601,0.52,0.0,0.14,3.325,0.8573,0.0,0.0,0.0,0.0,0.25,0.0,0.0,0.25,0.25,0.0,0.0,2.5,0.5,3,1140,92.14,CC1=CC=CC=C1,toluene,toluene
1254,1.66,0.4,0.5,0.23,0.58,5.177,1.4677,0.0,0.0,0.0,0.0,1.0,0.0,0.0,0.0,0.0,0.0,0.0,2.0,0.0,0,1254,156.26,CC1CCC(C(C1)O)C(C)C,5-methyl-2-propan-2-ylcyclohexan-1-ol,menthol
2758,0.495,0.383,0.45,0.0,0.65,4.864,1.3591,0.0,0.0,0.0,0.0,1.0,0.0,0.0,0.0,0.0,0.0,0.0,2.0,0.0,0,2758,154.25,CC1(C2CCC(O1)(CC2)C)C,"1,3,3-trimethyl-2-oxabicyclo[2.2.2]octane",eucalyptol
2879,4.26761,0.82,0.87,0.57,0.31,4.312,0.916,0.0,0.0,0.0,0.0,0.0,0.0,0.0,0.0,0.0,0.0,0.0,1.0,0.0,0,2879,108.14,CC1=CC=C(C=C1)O,4-methylphenol,p-cresol
3301,0.0,0.462,0.17,0.04,1.29,1.88,0.59,0.0,0.0,0.0,0.0,0.0,0.0,0.0,1.0,0.0,0.0,0.0,3.0,1.0,0,3301,60.1,C(CN)N,"ethane-1,2-diamine",ethylenediamine
3776,-1.6025,0.212,0.36,0.33,0.56,1.764,0.59,0.0,0.0,0.0,0.0,0.5,0.0,0.0,0.5,0.0,0.0,0.0,2.5,1.0,1,3776,60.1,CC(C)O,propan-2-ol,isopropanol
4763,3.868,0.919,1.65,0.0,0.69,6.84,1.4454,0.0,0.0,0.0,0.0,0.0,0.0,0.0,0.0,1.0,0.0,0.0,4.0,0.0,0,4763,232.23,CCC1(C(=O)NC(=O)NC1=O)C2=CC=CC=C2,"5-ethyl-5-phenyl-1,3-diazinane-2,4,6-trione",phenobarbital
5943,-0.66276,0.458,0.38,0.0,0.0,2.823,0.7391,0.0,0.0,0.0,0.0,0.0,0.0,0.0,0.0,0.0,0.0,0.0,1.0,1.0,0,5943,153.8,C(Cl)(Cl)(Cl)Cl,tetrachloromethane,carbon tetrachloride
6054,2.19,0.811,0.86,0.31,0.65,4.628,1.0569,0.0,0.0,0.0,0.0,1.0,0.0,0.0,0.0,0.0,0.0,0.0,2.0,1.0,0,6054,122.16,C1=CC=C(C=C1)CCO,2-phenylethanol,2-phenylethanol
6184,2.7106133333333333,0.146,0.65,0.0,0.45,3.3570000000000007,0.9697,0.0,0.3333333333333333,0.0,0.0,0.3333333333333333,0.0,0.3333333333333333,0.0,0.3333333333333333,0.3333333333333333,0.0,2.333333333333333,0.6666666666666666,2,6184,100.16,CCCCCC=O,hexanal,hexanal
6212,-0.57978,0.425,0.49,0.15,0.02,2.48,0.6167,0.0,0.0,0.0,0.0,0.0,0.0,0.0,0.0,0.0,0.0,0.0,1.0,0.0,0,6212,119.37,C(Cl)(Cl)Cl,chloroform,chloroform
6276,0.5226666666666667,0.219,0.42,0.3699999999999999,0.48,3.106,0.8718,0.0,0.0,0.0,0.0,0.3333333333333333,0.0,0.0,0.3333333333333333,0.0,0.0,0.0,2.0,0.3333333333333333,2,6276,88.15,CCCCCO,pentan-1-ol,1-pentanol
6325,-2.415,0.107,0.1,0.0,0.07,0.289,0.3474,0.0,0.0,0.0,0.0,0.0,0.0,0.0,1.0,0.0,0.0,0.0,3.0,1.0,0,6325,28.05,C=C,ethene,ethylene
6329,1.45593,0.25,0.35,0.16,0.58,1.3,0.3493,0.0,0.0,0.0,0.0,0.0,0.0,0.0,0.0,0.0,0.0,0.0,1.0,1.0,0,6329,31.057,CN,methanamine,methylamine
6341,1.33724,0.236,0.35,0.16,0.61,1.677,0.4902,0.0,0.0,0.0,0.0,0.0,0.0,0.0,0.0,0.0,0.0,0.0,1.0,0.0,0,6341,45.08,CCN,ethanamine,ethanamine
6342,-1.11394,0.237,0.9,0.07,0.32,1.739,0.4042,0.0,0.0,0.0,0.0,0.0,0.0,0.0,0.0,0.0,0.0,0.0,1.0,0.0,0,6342,41.05,CC#N,acetonitrile,acetonitrile
6343,5.06048,0.392,0.42,0.0,0.2,2.0786,0.5539,1.0,0.0,0.0,0.0,0.0,0.0,0.0,0.0,0.0,0.0,0.0,1.0,0.0,0,6343,62.14,CCS,ethanethiol,ethanethiol
6348,0.67778,0.876,0.26,0.0,0.03,2.37,0.4905,0.0,0.0,0.0,0.0,0.0,0.0,0.0,0.0,0.0,0.0,0.0,1.0,1.0,0,6348,76.15,C(=S)=S,,carbon disulfide
6354,-2.415,0.25,0.74,0.07,0.32,1.371,0.3405,0.0,0.0,0.0,0.0,0.0,0.0,0.0,1.0,0.0,0.0,0.0,3.0,1.0,0,6354,44.05,C1CO1,oxirane,oxirane
6363,1.14003,0.181,0.32,0.16,0.61,1.908,0.6311,0.0,0.0,0.0,0.0,0.0,0.0,0.0,0.5,0.0,0.0,0.0,2.0,0.0,1,6363,59.11,CC(C)N,propan-2-amine,isopropylamine
6364,5.22185,0.336,0.35,0.0,0.25,2.4169,0.6948,1.0,0.0,0.0,0.0,0.0,0.0,0.0,0.0,0.0,0.0,0.0,1.0,0.0,0,6364,76.16,CC(C)S,propane-2-thiol,2-propanethiol
6378,-0.996,0.243,0.74,0.07,0.35,1.775,0.4814,0.0,0.0,0.0,0.0,0.0,0.0,0.0,1.0,0.0,0.0,0.0,3.0,0.0,0,6378,58.08,CC1CO1,2-methyloxirane,propylene oxide
6385,0.76955,0.121,0.29,0.16,0.71,2.493,0.772,0.0,0.0,0.0,0.0,0.0,0.0,0.0,0.0,0.0,0.0,0.0,1.0,0.0,0,6385,73.14,CC(C)(C)N,2-methylpropan-2-amine,tert-butylamine
6386,-2.78,0.18,0.3,0.31,0.6,1.963,0.7309,0.0,0.0,0.0,0.0,1.0,0.0,0.0,0.0,0.0,0.0,0.0,2.0,0.0,0,6386,74.12,CC(C)(C)O,2-methylpropan-2-ol,tert-butanol
6387,4.5376,0.281,0.3,0.0,0.27,2.55,0.8357,1.0,0.0,0.0,0.0,0.0,0.0,0.0,0.0,0.0,0.0,0.0,1.0,1.0,0,6387,90.19,CC(C)(C)S,2-methylpropane-2-thiol,2-methyl-2-propanethiol
6389,-0.699,0.207,0.24,0.0,0.07,1.95,0.6344,0.0,0.0,0.0,0.0,0.0,0.0,0.0,1.0,0.0,0.0,0.0,3.0,0.0,0,6389,137.36,C(F)(Cl)(Cl)Cl,trichloro(fluoro)methane,trichlorofluoromethane
6403,-1.30103,0.0,0.0,0.0,0.0,2.352,0.954,0.0,0.0,0.0,0.0,0.0,0.0,0.0,0.0,0.0,0.0,0.0,1.0,0.0,0,6403,86.18,CCC(C)(C)C,"2,2-dimethylbutane","2,2-dimethylbutane"
6405,1.05552,0.194,0.3,0.31,0.6,2.63,0.8718,0.0,0.0,0.0,0.0,0.0,0.0,0.0,0.0,0.0,0.0,0.0,1.0,1.0,0,6405,88.15,CCC(C)(C)O,2-methylbutan-2-ol,2-methyl-2-butanol
6416,1.36653,0.106,0.62,0.0,0.51,2.928,0.9697,0.0,0.0,0.0,0.0,0.0,0.0,0.0,0.0,0.0,0.0,0.0,1.0,1.0,0,6416,100.16,CC(=O)C(C)(C)C,"3,3-dimethylbutan-2-one",pinacolone
6492,1.958,0.707,0.72,0.0,0.2,4.65,1.1058,0.0,0.0,0.0,0.0,0.0,0.0,0.0,1.0,0.0,0.0,0.0,3.0,0.0,0,6492,132.2,C1C=CC2C1C3CC2C=C3,"tricyclo[5.2.1.02,6]deca-3,8-diene",dicyclopentadiene
6544,0.699,0.511,0.89,0.0,0.56,4.813,1.2408,0.0,0.0,0.0,0.0,0.0,0.0,0.0,1.0,0.0,0.0,0.0,3.0,1.0,0,6544,138.21,CC1=CC(=O)CC(C1)(C)C,"3,5,5-trimethylcyclohex-2-en-1-one",isophorone
6549,0.022,0.398,0.55,0.2,0.65,5.067,1.4903,0.0,0.0,0.0,0.0,1.0,0.0,0.0,0.0,0.0,0.0,0.0,2.0,1.0,0,6549,154.25,CC(=CCCC(C)(C=C)O)C,"3,7-dimethylocta-1,6-dien-3-ol",linalool
6556,-0.11394,0.0,0.0,0.0,0.0,2.013,0.8131,0.0,0.0,0.0,0.0,0.0,0.0,0.0,0.0,0.0,0.0,0.0,1.0,0.0,0,6556,72.15,CCC(C)C,2-methylbutane,2-methylbutane
6557,1.31876,0.313,0.23,0.0,0.1,2.101,0.7271,0.0,0.0,0.0,0.0,0.0,0.0,0.0,0.0,0.0,0.0,0.0,1.0,1.0,0,6557,68.12,CC(=C)C=C,"2-methylbuta-1,3-diene",isoprene
6558,2.82391,0.198,0.32,0.16,0.63,2.469,0.772,0.0,0.0,0.0,0.0,0.0,0.0,0.0,0.0,0.0,0.0,0.0,1.0,0.0,0,6558,73.14,CC(C)CN,2-methylpropan-1-amine,isobutylamine
6560,1.062805,0.217,0.39,0.37,0.48,2.413,0.7309,0.0,0.0,0.0,0.0,0.0,0.0,0.0,0.5,0.0,0.0,0.0,2.0,0.5,1,6560,74.12,CC(C)CO,2-methylpropan-1-ol,2-methyl-1-propanol
6561,3.45593,0.144,0.62,0.0,0.45,2.12,0.6879,0.0,1.0,0.0,0.0,0.0,0.0,0.0,0.0,0.0,0.0,0.0,1.0,0.0,0,6561,72.11,CC(C)C=O,2-methylpropanal,isobutyraldehyde
6562,2.07058,0.4,0.7,0.0,0.5,2.18,0.6449,0.0,1.0,0.0,0.0,0.0,0.0,0.0,0.0,0.0,0.0,0.0,1.0,0.0,0,6562,70.09,CC(=C)C=O,2-methylprop-2-enal,methacrolein
6564,0.602,0.369,0.63,0.0,0.17,2.836,0.7761,0.0,0.0,0.0,0.0,0.0,0.0,0.0,1.0,0.0,0.0,0.0,3.0,1.0,0,6564,112.98,CC(CCl)Cl,"1,2-dichloropropane","1,2-dichloropropane"
6567,1.853,0.446,0.7,0.2,1.19,2.915,0.7309,0.0,0.0,0.0,0.0,0.0,0.0,0.0,1.0,0.0,0.0,0.0,3.0,0.0,0,6567,74.13,CC(CN)N,"propane-1,2-diamine","1,2-diaminopropane"
6568,-0.1338066666666666,0.217,0.36,0.33,0.56,2.338,0.7309,0.0,0.0,0.0,0.0,0.3333333333333333,0.0,0.0,0.3333333333333333,0.0,0.0,0.0,2.0,0.6666666666666666,2,6568,74.12,CCC(C)O,butan-2-ol,2-butanol
6569,0.0277749999999999,0.166,0.7,0.0,0.51,2.287,0.6879,0.0,0.0,0.0,0.0,0.0,0.0,0.0,0.5,0.0,0.0,0.0,2.0,0.5,1,6569,72.11,CCC(=O)C,butan-2-one,2-butanone
6575,-0.59106,0.524,0.37,0.08,0.03,2.997,2.997,0.0,0.0,0.0,0.0,0.0,0.0,0.0,0.0,0.0,0.0,0.0,1.0,0.0,0,6575,131.38,C(=C(Cl)Cl)Cl,"1,1,2-trichloroethene",trichloroethylene
6584,-0.23045,0.142,0.64,0.0,0.45,1.911,0.6057,0.0,0.0,0.0,0.0,0.0,0.0,0.0,0.0,0.0,0.0,0.0,1.0,1.0,0,6584,74.08,CC(=O)OC,methyl acetate,methyl acetate
6589,0.37675,0.0,0.0,0.0,0.0,2.495,0.954,0.0,0.0,0.0,0.0,0.0,0.0,0.0,0.0,0.0,0.0,0.0,1.0,1.0,0,6589,86.18,CC(C)C(C)C,"2,3-dimethylbutane","2,3-dimethylbutane"
6590,2.82391,0.2,0.6,0.61,0.45,2.693,0.7466,0.0,0.0,1.0,0.0,0.0,0.0,0.0,0.0,0.0,0.0,0.0,1.0,1.0,0,6590,88.11,CC(C)C(=O)O,2-methylpropanoic acid,isobutyric acid
6654,0.233865,0.446,0.14,0.0,0.12,4.308,1.2574,0.0,0.0,0.0,0.0,0.5,0.0,0.0,0.0,0.0,0.0,0.0,1.5,0.5,1,6654,136.23,CC1=CCC2CC1C2(C)C,"2,6,6-trimethylbicyclo[3.1.1]hept-2-ene",alpha-pinene
6658,0.67778,0.245,0.51,0.0,0.44,2.88,0.8445,0.0,0.0,0.0,1.0,0.0,0.0,0.0,0.0,0.0,0.0,0.0,1.0,0.0,0,6658,100.12,CC(=C)C(=O)OC,methyl 2-methylprop-2-enoate,methyl methacrylate
6736,5.25181,1.2,1.06,0.44,0.22,6.114,1.087,0.0,0.0,0.0,0.0,0.0,0.0,0.0,0.0,0.0,0.0,0.0,1.0,0.0,0,6736,131.17,CC1=CNC2=CC=CC=C12,3-methyl-1H-indole,3-methylindole
7237,0.75861,0.638,0.54,0.0,0.16,3.889,0.9982,0.0,0.0,0.0,0.0,0.0,0.0,0.0,0.5,0.0,0.0,0.0,2.0,0.5,1,7237,106.16,CC1=CC=CC=C1C,"1,2-xylene",o-xylene
7247,0.92082,0.677,0.56,0.0,0.19,4.441,1.1391,0.0,0.0,0.0,0.0,0.0,0.0,0.0,0.0,0.0,0.0,0.0,1.0,0.0,0,7247,120.19,CC1=CC(=C(C=C1)C)C,"1,2,4-trimethylbenzene","1,2,4-trimethylbenzene"
7276,1.2,0.792,0.9,0.0,0.46,4.27,0.9483,0.0,0.0,0.0,0.0,0.0,0.0,0.0,1.0,0.0,0.0,0.0,3.0,0.0,0,7276,120.15,C1C(O1)C2=CC=CC=C2,2-phenyloxirane,styrene oxide
7282,-0.94939,0.0,0.0,0.0,0.0,2.581,0.954,0.0,0.0,0.0,0.0,0.0,0.0,0.0,0.0,0.0,0.0,0.0,1.0,1.0,0,7282,86.18,CCC(C)CC,3-methylpentane,3-methylpentane
7294,2.45593,0.254,0.66,0.0,0.42,2.36,0.7036,0.0,0.0,0.0,1.0,0.0,0.0,0.0,0.0,0.0,0.0,0.0,1.0,0.0,0,7294,86.09,COC(=O)C=C,methyl prop-2-enoate,methyl acrylate
7296,-0.23045,0.225,0.1,0.0,0.0,2.907,0.8454,0.0,0.0,0.0,0.0,0.0,0.0,0.0,0.0,0.0,0.0,0.0,1.0,1.0,0,7296,84.16,CC1CCCC1,methylcyclopentane,methylcyclopentane
7351,1.12494,0.0,0.5,0.0,0.47,3.885,1.3102,0.0,0.0,0.0,0.0,0.0,0.0,0.0,0.0,0.0,0.0,0.0,1.0,0.0,0,7351,144.21,CC(C)COC(=O)C(C)C,2-methylpropyl 2-methylpropanoate,isobutyl isobutyrate
7353,1.65758,0.01,0.53,0.0,0.47,4.068,1.3102,0.0,0.0,0.0,0.0,0.0,0.0,0.0,0.0,0.0,0.0,0.0,1.0,1.0,0,7353,144.21,CCCCOC(=O)C(C)C,butyl 2-methylpropanoate,butyl isobutyrate
7358,1.155,0.231,0.39,0.37,0.48,3.523,1.0127,0.0,0.0,0.0,0.0,0.0,0.0,0.0,1.0,0.0,0.0,0.0,3.0,0.0,0,7358,102.17,CCC(CC)CO,2-ethylbutan-1-ol,2-ethyl-1-butanol
7406,1.3799066666666668,0.602,0.49,0.0,0.16,4.084,1.1391,0.0,0.0,0.0,0.0,0.3333333333333333,0.0,0.0,0.3333333333333333,0.0,0.0,0.0,2.0,1.0,2,7406,120.19,CC(C)C1=CC=CC=C1,cumene,cumene
7407,1.284,0.85,0.64,0.0,0.21,4.656,1.0961,0.0,0.0,0.0,0.0,0.0,0.0,0.0,1.0,0.0,0.0,0.0,3.0,1.0,0,7407,118.18,CC(=C)C1=CC=CC=C1,prop-1-en-2-ylbenzene,alpha-methylstyrene
7410,0.523,0.818,1.01,0.0,0.48,4.501,1.0139,0.0,0.0,0.0,0.0,0.0,0.0,0.0,1.0,0.0,0.0,0.0,3.0,1.0,0,7410,120.15,CC(=O)C1=CC=CC=C1,1-phenylethanone,acetophenone
7461,-0.992,0.497,0.32,0.0,0.2,4.815,1.323,0.0,0.0,0.0,0.0,1.0,0.0,0.0,0.0,0.0,0.0,0.0,2.0,1.0,0,7461,136.23,CC1=CCC(=CC1)C(C)C,"1-methyl-4-propan-2-ylcyclohexa-1,4-diene",gamma-terpinene
7462,-0.152,0.526,0.25,0.0,0.15,4.715,1.323,0.0,0.0,0.0,0.0,1.0,0.0,0.0,0.0,0.0,0.0,0.0,2.0,0.0,0,7462,136.23,CC1=CC=C(CC1)C(C)C,"1-methyl-4-propan-2-ylcyclohexa-1,3-diene",alpha-terpinene
7463,-0.121,0.607,0.49,0.0,0.19,4.59,1.28,0.0,0.0,0.0,0.0,1.0,0.0,0.0,0.0,0.0,0.0,0.0,2.0,1.0,0,7463,134.22,CC1=CC=C(C=C1)C(C)C,1-methyl-4-propan-2-ylbenzene,p-cymene
7500,0.5765166666666667,0.613,0.51,0.0,0.15,3.778,0.9982,0.0,0.0,0.0,0.0,0.3333333333333333,0.0,0.0,0.0,0.3333333333333333,0.0,0.0,2.333333333333333,0.3333333333333333,2,7500,106.16,CCC1=CC=CC=C1,ethylbenzene,ethylbenzene
7501,1.3784649999999998,0.849,0.65,0.0,0.16,3.856,0.9552,0.0,0.0,0.0,0.0,0.0,0.0,0.0,0.5,0.0,0.0,0.0,2.0,0.0,1,7501,104.15,C=CC1=CC=CC=C1,styrene,styrene
7525,1.096,0.42,0.38,0.0,0.82,3.76,1.0039,0.0,0.0,0.0,0.0,0.0,0.0,0.0,1.0,0.0,0.0,0.0,3.0,0.0,0,7525,115.17,CCN1CCOCC1,4-ethylmorpholine,4-ethylmorpholine
7635,1.0,0.03,0.57,0.0,0.47,5.025,1.592,0.0,0.0,0.0,0.0,0.0,0.0,0.0,1.0,0.0,0.0,0.0,3.0,0.0,0,7635,172.26,CCCCC(CC)COC(=O)C,2-ethylhexyl acetate,2-ethylhexyl acetate
7668,0.97511,0.604,0.5,0.0,0.15,4.23,1.1391,0.0,0.0,0.0,0.0,0.5,0.0,0.0,0.0,0.0,0.0,0.0,1.5,0.0,1,7668,120.19,CCCC1=CC=CC=C1,propylbenzene,propylbenzene
7705,1.3501933333333334,0.6,0.51,0.0,0.15,4.73,1.28,0.0,0.0,0.0,0.0,0.3333333333333333,0.0,0.0,0.0,0.3333333333333333,0.0,0.0,2.333333333333333,1.0,2,7705,134.22,CCCCC1=CC=CC=C1,butylbenzene,butylbenzene
7720,1.125,0.209,0.39,0.37,0.48,4.433,1.2945,0.0,0.0,0.0,0.0,0.0,0.0,0.0,1.0,0.0,0.0,0.0,3.0,1.0,0,7720,130.23,CCCCC(CC)CO,2-ethylhexan-1-ol,2-ethylhexan-1-ol
7728,2.222,0.639,0.71,0.0,0.57,4.467,1.098,0.0,0.0,0.0,0.0,0.0,0.0,0.0,1.0,0.0,0.0,0.0,3.0,0.0,0,7728,121.18,CCC1=CN=C(C=C1)C,5-ethyl-2-methylpyridine,5-ethyl-2-methylpyridine
7734,3.40894,0.645,0.5,0.0,0.18,4.732,1.28,0.0,0.0,0.0,0.0,0.0,0.0,0.0,0.0,0.0,0.0,0.0,1.0,0.0,0,7734,134.22,CCC1=CC=C(C=C1)CC,"1,4-diethylbenzene","1,4-diethylbenzene"
7745,1.62,0.211,0.39,0.31,0.56,3.471,1.0127,0.0,0.0,0.0,0.0,0.0,0.0,0.0,1.0,0.0,0.0,0.0,3.0,1.0,0,7745,102.17,CCCC(C)CO,2-methylpentan-1-ol,2-methyl-1-pentanol
7749,2.1549,0.087,0.58,0.0,0.45,2.807,0.8875,0.0,0.0,0.0,0.0,0.0,0.0,0.0,0.0,0.0,0.0,0.0,1.0,1.0,0,7749,102.13,CCC(=O)OCC,ethyl propanoate,ethyl propionate
7758,1.024895,0.044,0.57,0.0,0.47,3.054,1.0284,0.0,0.0,0.0,0.0,0.5,0.0,0.0,0.0,0.0,0.0,0.0,1.5,1.0,1,7758,116.16,CCC(C)OC(=O)C,butan-2-yl acetate,sec-butyl acetate
7770,1.95861,0.05,0.56,0.0,0.45,3.783,1.1693,0.0,0.0,0.0,0.0,0.0,0.0,0.0,0.0,0.0,0.0,0.0,1.0,1.0,0,7770,130.18,CCCC(=O)OCCC,propyl butanoate,propyl butyrate
7803,1.23657,0.07,0.56,0.0,0.45,3.338,1.0284,0.0,0.0,0.0,0.0,0.0,0.0,0.0,0.0,0.0,0.0,0.0,1.0,0.0,0,7803,116.16,CCCOC(=O)CC,propyl propanoate,propyl propionate
7809,1.23657,0.613,0.52,0.0,0.16,3.839,0.9982,0.0,0.0,0.0,0.0,0.0,0.0,0.0,0.0,0.0,0.0,0.0,1.0,1.0,0,7809,106.16,CC1=CC=C(C=C1)C,"1,4-xylene",p-xylene
7819,3.04576,0.156,0.59,0.0,0.42,3.6,1.1263,0.0,0.0,0.0,1.0,0.0,0.0,0.0,0.0,0.0,0.0,0.0,1.0,1.0,0,7819,128.17,CC(C)COC(=O)C=C,2-methylpropyl prop-2-enoate,isobutyl acrylate
7834,1.155,0.222,0.56,0.03,0.35,2.226,0.6223,0.0,0.0,0.0,0.0,0.0,0.0,0.0,1.0,0.0,0.0,0.0,3.0,1.0,0,7834,72.11,CCC1CO1,2-ethyloxirane,"1,2-epoxybutane"
7844,0.4437,0.1,0.08,0.0,0.07,1.529,0.6292,0.0,0.0,0.0,0.0,0.0,0.0,0.0,0.0,0.0,0.0,0.0,1.0,1.0,0,7844,56.11,CCC=C,but-1-ene,1-butene
7845,0.492635,0.32,0.23,0.0,0.1,1.543,0.5862,0.0,0.0,0.0,0.0,0.0,0.0,0.0,0.5,0.0,0.0,0.0,2.0,0.5,1,7845,54.09,C=CC=C,"buta-1,3-diene","1,3-butadiene"
7847,2.4437,0.324,0.61,0.0,0.46,1.7569,0.504,0.0,1.0,0.0,0.0,0.0,0.0,0.0,0.0,0.0,0.0,0.0,1.0,0.0,0,7847,56.06,C=CC=O,prop-2-enal,acrolein
7848,4.88606,0.385,0.42,0.0,0.21,2.5982,0.6948,1.0,0.0,0.0,0.0,0.0,0.0,0.0,0.0,0.0,0.0,0.0,1.0,1.0,0,7848,76.16,CCCS,propane-1-thiol,1-propanethiol
7852,1.21467,0.225,0.35,0.16,0.61,2.141,0.6311,0.0,0.0,0.0,0.0,0.0,0.0,0.0,0.0,0.0,0.0,0.0,1.0,1.0,0,7852,59.11,CCCN,propan-1-amine,propylamine
7855,-0.94448,0.297,0.83,0.03,0.3,1.9951,0.5021,0.0,0.0,0.0,0.0,0.0,0.0,0.0,0.0,0.0,0.0,0.0,1.0,1.0,0,7855,53.06,C=CC#N,prop-2-enenitrile,acrylonitrile
7892,-0.8451,0.0,0.0,0.0,0.0,2.503,0.954,0.0,0.0,0.0,0.0,0.0,0.0,0.0,0.0,0.0,0.0,0.0,1.0,0.0,0,7892,86.18,CCCC(C)C,2-methylpentane,2-methylpentane
7895,0.5409466666666667,0.143,0.68,0.0,0.51,2.7550000000000003,0.8287999999999999,0.0,0.0,0.0,0.0,0.3333333333333333,0.0,0.0,0.0,0.3333333333333333,0.0,0.0,2.333333333333333,0.0,2,7895,86.13,CCCC(=O)C,pentan-2-one,2-pentanone
7904,0.921,0.223,0.64,0.0,0.43,2.152,0.7036,0.0,0.0,0.0,1.0,0.0,0.0,0.0,1.0,0.0,0.0,0.0,3.0,1.0,0,7904,86.09,CC(=O)OC=C,ethenyl acetate,vinyl acetate
7907,0.02687,0.0,0.0,0.0,0.0,2.809,1.0949,0.0,0.0,0.0,0.0,0.0,0.0,0.0,0.0,0.0,0.0,0.0,1.0,0.0,0,7907,100.2,CC(C)CC(C)C,"2,4-dimethylpentane","2,4-dimethylpentane"
7909,0.884775,0.111,0.65,0.0,0.51,3.089,0.9697,0.0,0.0,0.0,0.0,0.0,0.0,0.0,0.5,0.0,0.0,0.0,2.0,0.5,1,7909,100.16,CC(C)CC(=O)C,4-methylpentan-2-one,4-methyl-2-pentanone
7912,0.886,0.053,0.21,0.07,0.74,2.893,1.0538,0.0,0.0,0.0,0.0,0.0,0.0,0.0,1.0,0.0,0.0,0.0,3.0,0.0,0,7912,101.19,CC(C)NC(C)C,N-propan-2-ylpropan-2-amine,diisopropylamine
7914,1.77,-0.063,0.17,0.0,0.57,2.501,1.0127,0.0,0.0,0.0,0.0,0.0,0.0,0.0,1.0,0.0,0.0,0.0,3.0,1.0,0,7914,102.17,CC(C)OC(C)C,2-propan-2-yloxypropane,diisopropyl ether
7915,0.55294,0.055,0.57,0.0,0.47,2.546,0.8875,0.0,0.0,0.0,0.0,0.0,0.0,0.0,0.5,0.0,0.0,0.0,2.0,0.5,1,7915,102.13,CC(C)OC(=O)C,propan-2-yl acetate,isopropyl acetate
7929,1.38722,0.623,0.52,0.0,0.16,3.839,0.9982,0.0,0.0,0.0,0.0,0.0,0.0,0.0,0.0,0.0,0.0,0.0,1.0,0.0,0,7929,106.16,CC1=CC(=CC=C1)C,"1,3-xylene",m-xylene
7947,0.76955,0.649,0.52,0.0,0.19,4.344,1.1391,0.0,0.0,0.0,0.0,0.0,0.0,0.0,0.0,0.0,0.0,0.0,1.0,1.0,0,7947,120.19,CC1=CC(=CC(=C1)C)C,"1,3,5-trimethylbenzene",mesitylene
7957,-0.157,0.116,0.3,0.33,0.67,4.66,1.4354,0.0,0.0,0.0,0.0,0.0,0.0,0.0,1.0,0.0,0.0,0.0,3.0,0.0,0,7957,144.25,CC(C)CC(CC(C)C)O,"2,6-dimethylheptan-4-ol","2,6-dimethylheptan-4-ol"
7962,0.82391,0.244,0.06,0.0,0.0,3.319,0.9863,0.0,0.0,0.0,0.0,0.0,0.0,0.0,0.0,0.0,0.0,0.0,1.0,1.0,0,7962,98.19,CC1CCCCC1,methylcyclohexane,methylcyclohexane
7964,-1.1,0.718,0.65,0.0,0.07,3.657,0.8388,0.0,0.0,0.0,0.0,1.0,0.0,0.0,0.0,0.0,0.0,0.0,2.0,0.0,0,7964,112.55,C1=CC=C(C=C1)Cl,chlorobenzene,chlorobenzene
7967,0.921,0.403,0.86,0.0,0.56,3.792,0.8611,0.0,0.0,0.0,0.0,0.0,0.0,0.0,1.0,0.0,0.0,0.0,3.0,1.0,0,7967,98.14,C1CCC(=O)CC1,cyclohexanone,cyclohexanone
7975,1.854,0.598,0.75,0.0,0.58,3.422,0.8162,0.0,0.0,0.0,0.0,0.0,0.0,0.0,1.0,0.0,0.0,0.0,3.0,1.0,0,7975,93.13,CC1=CC=CC=N1,2-methylpyridine,2-methylpyridine
7981,1.92082,0.033,0.56,0.0,0.45,4.794,1.4511,0.0,0.0,0.0,0.0,0.0,0.0,0.0,0.0,0.0,0.0,0.0,1.0,1.0,0,7981,158.24,CCCCOC(=O)CC(C)C,butyl 3-methylbutanoate,butyl isovalerate
7983,2.31876,0.044,0.56,0.0,0.45,4.275,1.3102,0.0,0.0,0.0,0.0,0.0,0.0,0.0,0.0,0.0,0.0,0.0,1.0,1.0,0,7983,144.21,CCCCOC(=O)CCC,butyl butanoate,butyl butyrate
7991,4.4318,0.205,0.63,0.62,0.45,3.227,0.8875,0.0,0.0,1.0,0.0,0.0,0.0,0.0,0.0,0.0,0.0,0.0,1.0,0.0,0,7991,102.13,CCCCC(=O)O,pentanoic acid,valeric acid
7997,0.17693,0.092,0.6,0.0,0.45,2.8190000000000004,0.8874999999999998,0.0,0.0,0.0,0.0,0.3333333333333333,0.0,0.0,0.3333333333333333,0.0,0.0,0.0,2.0,0.3333333333333333,2,7997,102.13,CCCOC(=O)C,propyl acetate,propyl acetate
8003,-0.14613,0.0,0.0,0.0,0.0,2.162,0.8131,0.0,0.0,0.0,0.0,0.0,0.0,0.0,0.0,0.0,0.0,0.0,1.0,1.0,0,8003,72.15,CCCCC,pentane,pentane
8004,1.0,0.093,0.08,0.0,0.07,2.047,0.7701,0.0,0.0,0.0,0.0,0.0,0.0,0.0,0.0,0.0,0.0,0.0,1.0,1.0,0,8004,70.13,CCCC=C,pent-1-ene,1-pentene
8007,0.933275,0.224,0.35,0.16,0.61,2.618,0.772,0.0,0.0,0.0,0.0,0.0,0.0,0.0,0.5,0.0,0.0,0.0,2.0,1.0,1,8007,73.14,CCCCN,butan-1-amine,butylamine
8012,5.55284,0.382,0.43,0.0,0.21,3.0585,0.8357,1.0,0.0,0.0,0.0,0.0,0.0,0.0,0.0,0.0,0.0,0.0,1.0,1.0,0,8012,90.19,CCCCS,butane-1-thiol,1-butanethiol
8021,1.50888,0.154,0.3,0.08,0.69,2.395,0.772,0.0,0.0,0.0,0.0,0.0,0.0,0.0,0.5,0.0,0.0,0.0,2.0,0.0,1,8021,73.14,CCNCC,N-ethylethanamine,diethylamine
8025,-0.43136,0.146,0.66,0.0,0.38,1.845,0.6057,0.0,0.0,0.0,0.0,0.0,0.0,0.0,0.0,0.0,0.0,0.0,1.0,0.0,0,8025,74.08,CCOC=O,ethyl formate,ethyl formate
8029,-0.99564,0.369,0.51,0.0,0.13,1.9125,0.5363,0.0,0.0,0.0,0.0,0.0,0.0,0.0,0.0,0.0,0.0,0.0,1.0,1.0,0,8029,68.07,C1=COC=C1,furan,furan
8034,2.29939,0.114,0.66,0.0,0.53,3.8065,1.1106,0.0,0.0,0.0,0.0,0.0,0.0,0.0,0.5,0.0,0.0,0.0,2.0,0.5,1,8034,114.19,CC(C)CCC(=O)C,5-methylhexan-2-one,5-methyl-2-hexanone
8038,1.276455,0.052,0.57,0.0,0.47,3.161,1.0284,0.0,0.0,0.0,0.0,0.0,0.0,0.0,0.5,0.0,0.0,0.0,2.0,0.5,1,8038,116.16,CC(C)COC(=O)C,2-methylpropyl acetate,isobutyl acetate
8051,1.40583,0.123,0.68,0.0,0.51,3.76,1.1106,0.0,0.0,0.0,0.0,0.3333333333333333,0.0,0.0,0.0,0.3333333333333333,0.0,0.0,2.333333333333333,0.6666666666666666,2,8051,114.19,CCCCCC(=O)C,heptan-2-one,2-heptanone
8054,0.469,0.166,0.79,0.0,0.81,3.29,0.9462,0.0,0.0,0.0,0.0,0.0,0.0,0.0,1.0,0.0,0.0,0.0,3.0,0.0,0,8054,118.13,CC(=O)OCCOC,2-methoxyethyl acetate,2-methoxyethyl acetate
8058,-0.17609,0.0,0.0,0.0,0.0,2.668,0.954,0.0,0.0,0.0,0.0,0.0,0.0,0.0,0.0,0.0,0.0,0.0,1.0,1.0,0,8058,86.18,CCCCCC,hexane,hexane
8063,1.34411,0.163,0.65,0.0,0.45,2.851,0.8288,0.0,0.5,0.0,0.0,0.5,0.0,0.5,0.0,0.0,0.0,0.0,1.5,1.0,1,8063,86.13,CCCCC=O,pentanal,valeraldehyde
8067,6.10791,0.369,0.43,0.0,0.21,3.624,0.9766,1.0,0.0,0.0,0.0,0.0,0.0,0.0,0.0,0.0,0.0,0.0,1.0,0.0,0,8067,104.22,CCCCCS,pentane-1-thiol,1-pentanethiol
8073,0.01773,0.132,0.63,0.0,0.38,2.433,0.7466,0.0,0.0,0.0,0.0,0.0,0.0,0.0,0.0,0.0,0.0,0.0,1.0,1.0,0,8073,88.11,CCCOC=O,propyl formate,propyl formate
8076,0.23657,0.237,0.55,0.29,0.82,2.719,0.7896,0.0,0.0,0.0,0.0,0.0,0.0,0.0,0.0,0.0,0.0,0.0,1.0,1.0,0,8076,90.12,CCOCCO,2-ethoxyethanol,2-ethoxyethanol
8077,2.69897,0.671,0.54,0.0,0.27,4.036,0.9992,0.0,0.0,0.0,0.0,0.0,0.0,0.0,0.0,0.0,0.0,0.0,1.0,0.0,0,8077,122.3,CCSSCC,(ethyldisulfanyl)ethane,diethyl disulfide
8078,-0.39794,0.305,0.1,0.0,0.0,2.964,0.8454,0.0,0.0,0.0,0.0,0.0,0.0,0.0,0.0,0.0,0.0,0.0,1.0,0.0,0,8078,84.16,C1CCCCC1,cyclohexane,cyclohexane
8083,2.0,0.434,0.79,0.06,0.91,3.289,0.7221,0.0,0.0,0.0,0.0,0.0,0.0,0.0,1.0,0.0,0.0,0.0,3.0,1.0,0,8083,87.12,C1COCCN1,morpholine,morpholine
8095,1.3098,0.099,0.79,0.0,0.79,3.747,1.0871,0.0,0.0,0.0,0.0,0.0,0.0,0.0,0.0,0.0,0.0,0.0,1.0,1.0,0,8095,132.16,CCOCCOC(=O)C,2-ethoxyethyl acetate,2-ethoxyethyl acetate
8103,1.5904625,0.21,0.42,0.37,0.48,3.61,1.0127,0.0,0.0,0.0,0.0,0.25,0.0,0.0,0.25,0.25,0.0,0.0,2.5,0.25,3,8103,102.17,CCCCCCO,hexan-1-ol,1-hexanol
8106,4.82391,0.361,0.42,0.0,0.21,4.133,1.1175,1.0,0.0,0.0,0.0,0.0,0.0,0.0,0.0,0.0,0.0,0.0,1.0,0.0,0,8106,118.24,CCCCCCS,hexane-1-thiol,1-hexanethiol
8121,1.032,0.169,0.81,0.0,0.9,3.937,1.1028,0.0,0.0,0.0,0.0,0.0,0.0,0.0,1.0,0.0,0.0,0.0,3.0,1.0,0,8121,146.14,CC(=O)OCCOC(=O)C,2-acetyloxyethyl acetate,ethylene glycol diacetate
8125,-2.31,0.094,0.08,0.0,0.07,3.568,1.1928,0.0,0.0,0.0,0.0,1.0,0.0,0.0,0.0,0.0,0.0,0.0,2.0,1.0,0,8125,112.21,CCCCCCC=C,oct-1-ene,1-octene
8129,1.65938,0.211,0.42,0.37,0.48,4.115,1.1536,0.0,0.0,0.0,0.0,0.5,0.0,0.0,0.0,0.0,0.0,0.0,1.5,1.0,1,8129,116.2,CCCCCCCO,heptan-1-ol,1-heptanol
8130,2.633865,0.14,0.65,0.0,0.45,3.865,1.1106,0.0,0.5,0.0,0.0,0.5,0.0,0.5,0.0,0.0,0.0,0.0,1.5,0.5,1,8130,114.19,CCCCCCC=O,heptanal,heptanal
8133,1.183265,0.201,0.53,0.26,0.83,3.656,1.0714,0.0,0.0,0.0,0.0,0.0,0.0,0.0,0.5,0.0,0.0,0.0,2.0,0.0,1,8133,118.17,CCCCOCCO,2-butoxyethanol,2-butoxyethanol
8141,-0.34242,0.0,0.0,0.0,0.0,4.182,1.3767,0.0,0.0,0.0,0.0,0.0,0.0,0.0,0.0,0.0,0.0,0.0,1.0,0.0,0,8141,128.25,CCCCCCCCC,nonane,nonane
8148,1.097,0.107,0.3,0.08,0.69,4.349,1.3356,0.0,0.0,0.0,0.0,0.0,0.0,0.0,1.0,0.0,0.0,0.0,3.0,1.0,0,8148,129.24,CCCCNCCCC,N-butylbutan-1-amine,dibutylamine
8159,0.01,0.05,0.6,0.0,0.45,4.796,1.4511,0.0,0.0,0.0,0.0,1.0,0.0,0.0,0.0,0.0,0.0,0.0,2.0,0.0,0,8159,158.24,CCCCCCCOC(=O)C,heptyl acetate,heptyl acetate
8160,0.958,0.062,0.8,0.0,0.8,4.7,1.3689,0.0,0.0,0.0,0.0,0.0,0.0,0.0,1.0,0.0,0.0,0.0,3.0,0.0,0,8160,160.21,CCCCOCCOC(=O)C,2-butoxyethyl acetate,2-butoxyethyl acetate
8164,1.05,0.046,0.6,0.0,0.45,5.27,1.592,0.0,0.0,0.0,0.0,0.5,0.0,0.0,0.0,0.5,0.0,0.0,3.0,0.5,1,8164,172.26,CCCCCCCCOC(=O)C,octyl acetate,octyl acetate
8167,0.5,0.041,0.6,0.0,0.45,6.24,1.8738,0.0,0.0,0.0,0.0,1.0,0.0,0.0,0.0,0.0,0.0,0.0,2.0,0.0,0,8167,200.32,CCCCCCCCCCOC(=O)C,decyl acetate,decyl acetate
8174,3.11351,0.191,0.42,0.37,0.48,5.6095,1.5763,0.0,0.0,0.0,0.0,0.0,0.0,0.0,0.0,0.0,0.0,0.0,1.0,0.0,0,8174,158.28,CCCCCCCCCCO,decan-1-ol,1-decanol
8175,3.39794,0.128,0.65,0.0,0.45,5.301,1.5333,0.0,1.0,0.0,0.0,0.0,0.0,0.0,0.0,0.0,0.0,0.0,1.0,1.0,0,8175,156.26,CCCCCCCCCC=O,decanal,decanal
8182,0.95861,0.0,0.0,0.0,0.0,5.696,1.7994,0.0,0.0,0.0,0.0,0.0,0.0,0.0,0.0,0.0,0.0,0.0,1.0,0.0,0,8182,170.33,CCCCCCCCCCCC,dodecane,dodecane
8205,1.36,0.038,0.6,0.0,0.45,7.219,2.1556,0.0,0.0,0.0,0.0,1.0,0.0,0.0,0.0,0.0,0.0,0.0,2.0,1.0,0,8205,228.37,CCCCCCCCCCCCOC(=O)C,dodecyl acetate,dodecyl acetate
8252,-1.23297,0.103,0.08,0.0,0.07,0.946,0.4883,0.0,0.0,0.0,0.0,0.0,0.0,0.0,0.5,0.0,0.0,0.0,2.0,0.0,1,8252,42.08,CC=C,prop-1-ene,propylene
8255,-1.0,0.12,0.08,0.0,0.08,1.5787,0.6292,0.0,0.0,0.0,0.0,0.0,0.0,0.0,0.0,0.0,0.0,0.0,1.0,0.0,0,8255,56.11,CC(=C)C,2-methylprop-1-ene,isobutylene
8471,2.26761,0.101,0.15,0.0,0.79,3.04,1.0538,0.0,0.0,0.0,0.0,0.0,0.0,0.0,0.0,0.0,0.0,0.0,1.0,1.0,0,8471,101.19,CCN(CC)CC,"N,N-diethylethanamine",triethylamine
8657,2.02687,0.688,0.54,0.0,0.18,4.732,1.28,0.0,0.0,0.0,0.0,0.0,0.0,0.0,0.0,0.0,0.0,0.0,1.0,0.0,0,8657,134.22,CCC1=CC=CC=C1CC,"1,2-diethylbenzene","1,2-diethylbenzene"
8723,1.398,0.219,0.39,0.37,0.48,3.011,0.8788,0.0,0.0,0.0,0.0,0.0,0.0,0.0,1.0,0.0,0.0,0.0,3.0,1.0,0,8723,88.15,CCC(C)CO,2-methylbutan-1-ol,2-methyl-1-butanol
8821,3.58503,0.212,0.64,0.0,0.42,2.758,0.8445,0.0,0.0,0.0,1.0,0.0,0.0,0.0,0.0,0.0,0.0,0.0,1.0,1.0,0,8821,100.12,CCOC(=O)C=C,ethyl prop-2-enoate,ethyl acrylate
8846,3.25964,0.177,0.62,0.0,0.42,3.79,1.1263,0.0,0.0,0.0,1.0,0.0,0.0,0.0,0.0,0.0,0.0,0.0,1.0,0.0,0,8846,128.17,CCCCOC(=O)C=C,butyl prop-2-enoate,butyl acrylate
8857,-0.59213,0.106,0.62,0.0,0.45,2.314,0.7466,0.0,0.0,0.0,0.0,0.25,0.0,0.0,0.25,0.25,0.0,0.0,2.5,0.75,3,8857,88.11,CCOC(=O)C,ethyl acetate,ethyl acetate
8858,1.77,0.412,0.66,0.0,0.54,3.371,0.9267,0.0,0.0,0.0,0.0,0.0,0.0,0.0,1.0,0.0,0.0,0.0,3.0,0.0,0,8858,98.14,CC(=CC(=O)C)C,4-methylpent-3-en-2-one,mesityl oxide
8864,1.1549,0.637,0.5,0.0,0.18,4.686,1.28,0.0,0.0,0.0,0.0,0.0,0.0,0.0,0.0,0.0,0.0,0.0,1.0,1.0,0,8864,134.22,CCC1=CC(=CC=C1)CC,"1,3-diethylbenzene","1,3-diethylbenzene"
8892,2.93295,0.174,0.63,0.62,0.44,3.697000000000001,1.0284,0.0,0.0,0.3333333333333333,0.0,0.3333333333333333,0.3333333333333333,0.0,0.0,0.3333333333333333,0.0,0.3333333333333333,2.333333333333333,0.3333333333333333,2,8892,116.16,CCCCCC(=O)O,hexanoic acid,hexanoic acid
8900,0.17393,0.0,0.0,0.0,0.0,3.173,1.0949,0.0,0.0,0.0,0.0,0.0,0.0,0.0,0.0,0.0,0.0,0.0,1.0,0.0,0,8900,100.2,CCCCCCC,heptane,heptane
8902,1.699,0.124,0.3,0.08,0.69,3.351,1.0538,0.0,0.0,0.0,0.0,0.0,0.0,0.0,1.0,0.0,0.0,0.0,3.0,1.0,0,8902,101.19,CCCNCCC,N-propylpropan-1-amine,dipropylamine
8908,1.8282433333333337,0.056,0.6,0.0,0.45,4.29,1.3102,0.0,0.0,0.0,0.0,0.3333333333333333,0.0,0.0,0.0,0.3333333333333333,0.0,0.0,2.333333333333333,1.0,2,8908,144.21,CCCCCCOC(=O)C,hexyl acetate,hexyl acetate
8909,1.155,0.0,0.25,0.0,0.45,3.924,1.2945,0.0,0.0,0.0,0.0,0.0,0.0,0.0,1.0,0.0,0.0,0.0,3.0,0.0,0,8909,130.23,CCCCOCCCC,1-butoxybutane,butyl ether
8914,3.04576,0.193,0.42,0.37,0.48,5.12,1.4354,0.0,0.0,0.0,0.0,0.0,0.0,0.0,0.0,0.0,0.0,0.0,1.0,1.0,0,8914,144.25,CCCCCCCCCO,nonan-1-ol,1-nonanol
9609,4.48149,0.373,0.38,0.0,0.33,3.021,0.8357,1.0,0.0,0.0,0.0,0.0,0.0,0.0,0.0,0.0,0.0,0.0,1.0,0.0,0,9609,90.19,CCSCC,ethylsulfanylethane,diethyl sulfide
10263,1.95861,0.794,0.66,0.0,0.19,5.176,1.28,0.0,0.0,0.0,0.0,0.0,0.0,0.0,0.0,0.0,0.0,0.0,1.0,1.0,0,10263,134.22,CC1=C(C(=C(C=C1)C)C)C,"1,2,3,4-tetramethylbenzene","1,2,3,4-tetramethylbenzene"
10430,4.10791,0.178,0.6,0.61,0.46,3.151,0.8875,0.0,0.0,1.0,0.0,0.0,0.0,0.0,0.0,0.0,0.0,0.0,1.0,1.0,0,10430,102.13,CC(C)CC(=O)O,3-methylbutanoic acid,isovaleric acid
10558,5.16749,0.356,0.33,0.0,0.24,3.071,0.8357,1.0,0.0,0.0,0.0,0.0,0.0,0.0,0.0,0.0,0.0,0.0,1.0,0.0,0,10558,90.19,CC(C)CS,2-methylpropane-1-thiol,isobutyl mercaptan
10560,4.52288,0.34,0.36,0.0,0.25,2.95,0.8357,1.0,0.0,0.0,0.0,0.0,0.0,0.0,0.0,0.0,0.0,0.0,1.0,1.0,0,10560,90.19,CCC(C)S,butane-2-thiol,2-butanethiol
10864,0.001,0.594,0.51,0.0,0.15,5.23,1.4209,0.0,0.0,0.0,0.0,1.0,0.0,0.0,0.0,0.0,0.0,0.0,2.0,0.0,0,10864,148.24,CCCCCC1=CC=CC=C1,pentylbenzene,pentylbenzene
10885,2.79588,0.014,0.53,0.0,0.47,4.097,1.3102,0.0,0.0,0.0,0.0,0.0,0.0,0.0,0.0,0.0,0.0,0.0,1.0,0.0,0,10885,144.21,CCCC(=O)OCC(C)C,2-methylpropyl butanoate,isobutyl butyrate
10895,1.69897,0.032,0.53,0.0,0.47,3.635,1.1693,0.0,0.0,0.0,0.0,0.0,0.0,0.0,0.0,0.0,0.0,0.0,1.0,1.0,0,10895,130.18,CCC(=O)OCC(C)C,2-methylpropyl propanoate,isobutyl propionate
10907,0.17393,0.0,0.0,0.0,0.0,3.106,1.2358,0.0,0.0,0.0,0.0,0.0,0.0,0.0,0.0,0.0,0.0,0.0,1.0,1.0,0,10907,114.23,CC(C)CC(C)(C)C,"2,2,4-trimethylpentane","2,2,4-trimethylpentane"
10908,1.14874,0.025,0.54,0.0,0.47,2.802,1.0284,0.0,0.0,0.0,0.0,0.0,0.0,0.0,0.0,0.0,0.0,0.0,1.0,0.0,0,10908,116.16,CC(=O)OC(C)(C)C,tert-butyl acetate,tert-butyl acetate
10925,6.11351,0.343,0.32,0.0,0.24,3.5,0.9766,1.0,0.0,0.0,0.0,0.0,0.0,0.0,0.0,0.0,0.0,0.0,1.0,1.0,0,10925,104.22,CC(C)CCS,3-methylbutane-1-thiol,3-methyl-1-butanethiol
10957,0.3098,0.095,0.6,0.0,0.4,2.789,0.8875,0.0,0.0,0.0,0.0,0.0,0.0,0.0,0.0,0.0,0.0,0.0,1.0,0.0,0,10957,102.13,CC(C)COC=O,2-methylpropyl formate,isobutyl formate
11039,2.72125,0.087,0.57,0.0,0.47,2.636,0.8878,0.0,0.0,0.0,0.0,0.0,0.0,0.0,0.0,0.0,0.0,0.0,1.0,0.0,0,11039,102.13,CC(C)C(=O)OC,methyl 2-methylpropanoate,methyl isobutyrate
11124,1.00877,0.128,0.6,0.0,0.45,2.431,0.7466,0.0,0.0,0.0,0.0,0.0,0.0,0.0,0.0,0.0,0.0,0.0,1.0,0.0,0,11124,88.11,CCC(=O)OC,methyl propanoate,methyl propionate
11251,0.30103,0.134,0.65,0.0,0.51,2.692,0.8288,0.0,0.0,0.0,0.0,0.0,0.0,0.0,0.0,0.0,0.0,0.0,1.0,1.0,0,11251,86.13,CC(C)C(=O)C,3-methylbutan-2-one,3-methyl-2-butanone
11260,-0.65321,0.0,0.0,0.0,0.0,3.016,1.0949,0.0,0.0,0.0,0.0,0.0,0.0,0.0,0.0,0.0,0.0,0.0,1.0,1.0,0,11260,100.2,CCC(C)C(C)C,"2,3-dimethylpentane","2,3-dimethylpentane"
11262,1.61979,0.11,0.65,0.0,0.51,3.163,0.9697,0.0,0.0,0.0,0.0,0.0,0.0,0.0,0.0,0.0,0.0,0.0,1.0,1.0,0,11262,100.16,CCC(C)C(=O)C,3-methylpentan-2-one,3-methyl-2-pentanone
11507,0.07572,0.0,0.0,0.0,0.0,3.044,1.0949,0.0,0.0,0.0,0.0,0.0,0.0,0.0,0.0,0.0,0.0,0.0,1.0,0.0,0,11507,100.2,CCCC(C)CC,3-methylhexane,3-methylhexane
11512,-0.23045,0.0,0.0,0.0,0.0,3.483,1.2358,0.0,0.0,0.0,0.0,0.0,0.0,0.0,0.0,0.0,0.0,0.0,1.0,0.0,0,11512,114.23,CCCC(C)CCC,4-methylheptane,4-methylheptane
11513,-0.91,0.18,0.36,0.33,0.56,3.85,1.1536,0.0,0.0,0.0,0.0,1.0,0.0,0.0,0.0,0.0,0.0,0.0,2.0,0.0,0,11513,116.2,CCCC(CCC)O,heptan-4-ol,4-heptanol
11519,-0.17609,0.0,0.0,0.0,0.0,3.51,1.2358,0.0,0.0,0.0,0.0,0.0,0.0,0.0,0.0,0.0,0.0,0.0,1.0,1.0,0,11519,114.23,CCCCC(C)CC,3-methylheptane,3-methylheptane
11529,1.4437,0.058,0.56,0.0,0.47,3.833,1.1693,0.0,0.0,0.0,0.0,0.0,0.0,0.0,0.0,0.0,0.0,0.0,1.0,0.0,0,11529,130.18,CCCCOC(=O)CC,butyl propanoate,butyl propionate
11542,-1.57978,0.0,0.0,0.0,0.0,2.796,1.0949,0.0,0.0,0.0,0.0,0.0,0.0,0.0,0.0,0.0,0.0,0.0,1.0,0.0,0,11542,100.2,CCCC(C)(C)C,"2,2-dimethylpentane","2,2-dimethylpentane"
11552,4.0,0.144,0.62,0.0,0.45,2.678,0.8288,0.0,1.0,0.0,0.0,0.0,0.0,0.0,0.0,0.0,0.0,0.0,1.0,0.0,0,11552,86.13,CC(C)CC=O,3-methylbutanal,3-methylbutanal
11582,0.37675,0.0,0.0,0.0,0.0,3.001,1.0949,0.0,0.0,0.0,0.0,0.0,0.0,0.0,0.0,0.0,0.0,0.0,1.0,1.0,0,11582,100.2,CCCCC(C)C,2-methylhexane,2-methylhexane
11583,1.61979,0.136,0.68,0.0,0.51,3.286,0.9697,0.0,0.0,0.0,0.0,0.0,0.0,0.0,0.0,0.0,0.0,0.0,1.0,0.0,0,11583,100.16,CCCCC(=O)C,hexan-2-one,2-hexanone
11594,0.95861,0.0,0.0,0.0,0.0,3.48,1.2358,0.0,0.0,0.0,0.0,0.0,0.0,0.0,0.0,0.0,0.0,0.0,1.0,0.0,0,11594,114.23,CCCCCC(C)C,2-methylheptane,2-methylheptane
11597,0.85387,0.078,0.08,0.0,0.07,2.572,0.911,0.0,0.0,0.0,0.0,0.0,0.0,0.0,0.0,0.0,0.0,0.0,1.0,0.0,0,11597,84.16,CCCCC=C,hex-1-ene,1-hexene
11610,0.4318,0.092,0.08,0.0,0.07,3.063,1.0519,0.0,0.0,0.0,0.0,0.0,0.0,0.0,0.0,0.0,0.0,0.0,1.0,1.0,0,11610,98.19,CCCCCC=C,hept-1-ene,1-heptene
11614,1.06048,0.121,0.63,0.0,0.38,2.958,0.8875,0.0,0.0,0.0,0.0,0.0,0.0,0.0,0.0,0.0,0.0,0.0,1.0,1.0,0,11614,102.13,CCCCOC=O,butyl formate,butyl formate
11617,3.65758,0.581,0.45,0.0,0.54,3.75,1.0315,1.0,0.0,0.0,0.0,0.0,0.0,0.0,0.0,0.0,0.0,0.0,1.0,1.0,0,11617,114.21,C=CCSCC=C,3-prop-2-enylsulfanylprop-1-ene,diallyl sulfide
11903,1.13077,0.68,0.55,0.0,0.18,4.346,1.1391,0.0,0.0,0.0,0.0,0.0,0.0,0.0,0.0,0.0,0.0,0.0,1.0,0.0,0,11903,120.19,CCC1=CC=CC=C1C,1-ethyl-2-methylbenzene,1-ethyl-2-methylbenzene
12044,1.45593,-0.02,0.53,0.0,0.47,3.249,1.1693,0.0,0.0,0.0,0.0,0.0,0.0,0.0,0.0,0.0,0.0,0.0,1.0,0.0,0,12044,130.18,CC(C)C(=O)OC(C)C,propan-2-yl 2-methylpropanoate,isopropyl isobutyrate
12048,0.4318,0.0,0.0,0.0,0.0,3.091,1.0949,0.0,0.0,0.0,0.0,0.0,0.0,0.0,0.0,0.0,0.0,0.0,1.0,1.0,0,12048,100.2,CCC(CC)CC,3-ethylpentane,3-ethylpentane
12100,1.74473,0.63,0.51,0.0,0.18,4.275,1.1391,0.0,0.0,0.0,0.0,0.0,0.0,0.0,0.0,0.0,0.0,0.0,1.0,1.0,0,12100,120.19,CCC1=CC=CC(=C1)C,1-ethyl-3-methylbenzene,3-ethyltoluene
12160,2.08092,0.63,0.51,0.0,0.18,4.289,1.1391,0.0,0.0,0.0,0.0,0.0,0.0,0.0,0.0,0.0,0.0,0.0,1.0,0.0,0,12160,120.19,CCC1=CC=C(C=C1)C,1-ethyl-4-methylbenzene,4-ethyltoluene
12180,2.14874,0.106,0.6,0.0,0.45,2.893,0.8875,0.0,0.0,0.0,0.0,0.0,0.0,0.0,0.0,0.0,0.0,0.0,1.0,0.0,0,12180,102.13,CCCC(=O)OC,methyl butanoate,methyl butyrate
12206,2.65758,0.108,0.6,0.0,0.45,3.392,1.0284,0.0,0.0,0.0,0.0,0.0,0.0,0.0,0.0,0.0,0.0,0.0,1.0,1.0,0,12206,116.16,CCCCC(=O)OC,methyl pentanoate,methyl valerate
12232,2.65758,0.696,0.6,0.0,0.22,3.0523,0.7174,0.0,0.0,0.0,0.0,0.0,0.0,0.0,0.0,0.0,0.0,0.0,1.0,1.0,0,12232,94.2,CSSC,(methyldisulfanyl)methane,dimethyl disulfide
12257,0.5376,0.091,0.6,0.0,0.4,2.23,0.7466,0.0,0.0,0.0,0.0,0.0,0.0,0.0,0.0,0.0,0.0,0.0,1.0,0.0,0,12257,88.11,CC(C)OC=O,propan-2-yl formate,isopropyl formate
12348,-0.07,0.067,0.6,0.0,0.45,3.844,1.1693,0.0,0.0,0.0,0.0,1.0,0.0,0.0,0.0,0.0,0.0,0.0,2.0,0.0,0,12348,130.18,CCCCCOC(=O)C,pentyl acetate,amyl acetate
12370,-2.13,0.155,0.22,0.09,0.1,3.521,1.1498,0.0,0.0,0.0,0.0,1.0,0.0,0.0,0.0,0.0,0.0,0.0,2.0,0.0,0,12370,110.2,CCCCCCC#C,oct-1-yne,1-octyne
12508,2.38722,0.035,0.53,0.0,0.47,3.028,1.0284,0.0,0.0,0.0,0.0,0.0,0.0,0.0,0.0,0.0,0.0,0.0,1.0,1.0,0,12508,116.16,CCC(=O)OC(C)C,propan-2-yl propanoate,isopropyl propionate
12571,2.69897,0.021,0.53,0.0,0.47,3.555,1.1693,0.0,0.0,0.0,0.0,0.0,0.0,0.0,0.0,0.0,0.0,0.0,1.0,1.0,0,12571,130.18,CCCOC(=O)C(C)C,propyl 2-methylpropanoate,propyl isobutyrate
12586,-1.228,0.298,0.61,0.0,0.59,1.917,0.5401,0.0,0.0,0.0,0.0,0.0,0.0,0.0,1.0,0.0,0.0,0.0,3.0,0.0,0,12586,74.08,C1COCO1,"1,3-dioxolane","1,3-dioxolane"
13187,1.1449999999999998,0.113,0.68,0.0,0.51,4.735,1.3924,0.0,0.0,0.0,0.0,0.5,0.0,0.0,0.0,0.5,0.0,0.0,3.0,0.0,1,13187,142.24,CCCCCCCC(=O)C,nonan-2-one,2-nonanone
14109,1.275,0.591,0.5,0.0,0.15,5.72,1.5618,0.0,0.0,0.0,0.0,0.5,0.0,0.0,0.0,0.5,0.0,0.0,3.0,0.5,1,14109,162.27,CCCCCCC1=CC=CC=C1,hexylbenzene,hexylbenzene
14115,0.25,0.577,0.48,0.0,0.15,6.219,1.7027,0.0,0.0,0.0,0.0,1.0,0.0,0.0,0.0,0.0,0.0,0.0,2.0,0.0,0,14115,176.3,CCCCCCCC1=CC=CC=C1,heptylbenzene,heptylbenzene
14257,0.06048,0.0,0.0,0.0,0.0,5.191,1.6585,0.0,0.0,0.0,0.0,0.0,0.0,0.0,0.0,0.0,0.0,0.0,1.0,1.0,0,14257,156.31,CCCCCCCCCCC,undecane,undecane
14896,0.2057449999999999,0.53,0.24,0.0,0.19,4.394,1.2574,0.0,0.0,0.0,0.0,0.5,0.0,0.0,0.0,0.0,0.0,0.0,1.5,0.5,1,14896,136.23,CC1(C2CCC(=C)C1C2)C,"6,6-dimethyl-2-methylidenebicyclo[3.1.1]heptane",beta-pinene
15600,0.20761,0.0,0.0,0.0,0.0,4.686,1.5176,0.0,0.0,0.0,0.0,0.0,0.0,0.0,0.0,0.0,0.0,0.0,1.0,0.0,0,15600,142.28,CCCCCCCCCC,decane,decane
16607,0.74,0.579,0.48,0.0,0.15,6.714,1.8436,0.0,0.0,0.0,0.0,0.5,0.0,0.0,0.0,0.5,0.0,0.0,3.0,1.0,1,16607,190.32,CCCCCCCCC1=CC=CC=C1,octylbenzene,octylbenzene
19041,0.04576,0.0,0.0,0.0,0.0,3.567,1.3767,0.0,0.0,0.0,0.0,0.0,0.0,0.0,0.0,0.0,0.0,0.0,1.0,1.0,0,19041,128.25,CC(C)CCC(C)(C)C,"2,2,5-trimethylhexane","2,2,5-trimethylhexane"
22311,1.42022,0.488,0.28,0.0,0.21,4.725,1.323,0.0,0.0,0.0,0.0,0.0,0.0,0.0,0.0,0.0,0.0,0.0,1.0,1.0,0,22311,136.23,CC1=CCC(CC1)C(=C)C,1-methyl-4-prop-1-en-2-ylcyclohexene,limonene
22386,0.5376,0.195,0.36,0.33,0.56,2.84,0.8718,0.0,0.0,0.0,0.0,0.0,0.0,0.0,0.0,0.0,0.0,0.0,1.0,1.0,0,22386,88.15,CCCC(C)O,pentan-2-ol,2-pentanol
24874,0.76955,0.17,0.32,0.16,0.63,2.41,0.772,0.0,0.0,0.0,0.0,0.0,0.0,0.0,0.0,0.0,0.0,0.0,1.0,1.0,0,24874,73.14,CCC(C)N,butan-2-amine,sec-butylamine
26049,-0.22286,0.511,0.22,0.0,0.1,4.649,1.2574,0.0,0.0,0.0,0.0,1.0,0.0,0.0,0.0,0.0,0.0,0.0,2.0,0.0,1,26049,136.23,CC1=CCC2C(C1)C2(C)C,"3,7,7-trimethylbicyclo[4.1.0]hept-3-ene",3-carene
27756,1.699,0.586,0.27,0.0,0.08,4.147,1.0735,0.0,0.0,0.0,0.0,0.0,0.0,0.0,1.0,0.0,0.0,0.0,3.0,1.0,0,27756,120.19,CC=C1CC2CC1C=C2,5-ethylidenebicyclo[2.2.1]hept-2-ene,5-ethylidene-2-norbornene
31256,-0.012,0.232,0.62,0.06,1.02,3.55,1.0284,0.0,0.0,0.0,0.0,0.0,0.0,0.0,1.0,0.0,0.0,0.0,3.0,0.0,0,31256,116.16,CC(=O)CC(C)(C)O,4-hydroxy-4-methylpentan-2-one,diacetone alcohol
31260,1.845275,0.192,0.39,0.37,0.48,3.011,0.8718,0.0,0.0,0.0,0.0,0.0,0.0,0.0,0.5,0.0,0.0,0.0,2.0,0.5,1,31260,88.15,CC(C)CCO,3-methylbutan-1-ol,isoamyl alcohol
31261,2.0,0.412,0.78,0.0,0.63,3.326,0.8445,0.0,0.0,0.0,0.0,0.0,0.0,0.0,1.0,0.0,0.0,0.0,3.0,0.0,0,31261,100.12,CC(=O)CC(=O)C,"pentane-2,4-dione","2,4-pentanedione"
31272,1.50197,0.071,0.6,0.0,0.45,3.353,1.0284,0.0,0.0,0.0,0.0,0.25,0.0,0.0,0.25,0.25,0.0,0.0,2.5,0.25,3,31272,116.16,CCCCOC(=O)C,butyl acetate,butyl acetate
31275,0.097,0.329,0.75,0.0,0.64,2.892,0.681,0.0,0.0,0.0,0.0,0.0,0.0,0.0,1.0,0.0,0.0,0.0,3.0,0.0,0,31275,88.11,C1COCCO1,"1,4-dioxane","1,4-dioxane"
31289,3.37126,0.15,0.65,0.0,0.45,4.834,1.3924,0.0,0.5,0.0,0.0,0.0,0.0,0.0,0.0,0.5,0.5,0.0,2.5,0.5,1,31289,142.24,CCCCCCCCC=O,nonanal,nonanal
31373,0.11351,0.639,0.44,0.0,0.0,3.584,3.584,0.0,0.0,0.0,0.0,0.0,0.0,0.0,0.0,0.0,0.0,0.0,1.0,1.0,0,31373,165.8,C(=C(Cl)Cl)(Cl)Cl,"1,1,2,2-tetrachloroethene",tetrachloroethylene
32898,1.7,0.19,0.47,0.37,0.52,5.43,1.5763,0.0,0.0,0.0,0.0,0.0,0.0,0.0,1.0,0.0,0.0,0.0,3.0,1.0,0,32898,158.28,CC(C)CCCCCCCO,8-methylnonan-1-ol,isodecanol
61184,2.20761,0.009,0.53,0.0,0.47,3.482,1.1693,0.0,0.0,0.0,0.0,0.0,0.0,0.0,0.0,0.0,0.0,0.0,1.0,0.0,0,61184,130.18,CCCC(=O)OC(C)C,propan-2-yl butanoate,isopropyl butyrate
67328,2.48149,0.075,0.56,0.0,0.45,4.312,1.3102,0.0,0.0,0.0,0.0,0.0,0.0,0.0,0.0,0.0,0.0,0.0,1.0,0.0,0,67328,144.21,CCCCC(=O)OCCC,propyl pentanoate,propyl valerate
95102,1.824,0.319,0.57,0.23,0.94,3.009,0.8307,0.0,0.0,0.0,0.0,0.0,0.0,0.0,1.0,0.0,0.0,0.0,3.0,0.0,0,95102,89.14,CC(C)(CN)O,1-amino-2-methylpropan-2-ol,1-amino-2-methylpropan-2-ol
439250,-0.659,0.488,0.28,0.0,0.21,4.725,1.323,0.0,0.0,0.0,0.0,1.0,0.0,0.0,0.0,0.0,0.0,0.0,2.0,0.0,0,439250,136.23,CC1=CC[C@H](CC1)C(=C)C,(4S)-1-methyl-4-prop-1-en-2-ylcyclohexene,(-)-limonene
440917,-0.994,0.488,0.28,0.0,0.21,4.725,1.323,0.0,0.0,0.0,0.0,1.0,0.0,0.0,0.0,0.0,0.0,0.0,2.0,1.0,0,440917,136.23,CC1=CC[C@@H](CC1)C(=C)C,(4R)-1-methyl-4-prop-1-en-2-ylcyclohexene,d-limonene
447466,1.63827,0.387,0.75,0.0,0.43,2.532,0.6449,0.0,1.0,0.0,0.0,0.0,0.0,0.0,0.0,0.0,0.0,0.0,1.0,1.0,0,447466,70.09,C/C=C/C=O,(E)-but-2-enal,crotonaldehyde
521158,-0.03,0.17,0.56,0.3,0.85,3.68,1.0714,0.0,0.0,0.0,0.0,0.0,0.0,0.0,1.0,0.0,0.0,0.0,3.0,1.0,0,521158,118.17,CC(C)COCCO,2-(2-methylpropoxy)ethanol,2-isobutoxyethanol
637566,1.07,0.513,0.54,0.35,0.63,5.512,1.4903,0.0,0.0,0.0,0.0,1.0,0.0,0.0,0.0,0.0,0.0,0.0,2.0,1.0,0,637566,154.25,CC(=CCC/C(=C/CO)/C)C,"(2E)-3,7-dimethylocta-2,6-dien-1-ol",geraniol
12379457,1.958,0.41,0.59,0.25,0.95,4.15,1.1125,0.0,0.0,0.0,0.0,0.0,0.0,0.0,1.0,0.0,0.0,0.0,3.0,1.0,0,12379457,117.19,CCC(CC)(CN)O,3-(aminomethyl)pentan-3-ol,3-(aminomethyl)pentan-3-ol
